Draw Date,Winning Numbers,Mega Ball,Multiplier
5/17/2002,15 18 25 33 47,30,
5/21/2002,04 28 39 41 44,9,
5/24/2002,02 04 32 44 52,36,
5/28/2002,06 21 22 29 32,24,
5/31/2002,12 28 45 46 52,47,
6/4/2002,03 25 29 30 48,48,
6/7/2002,14 22 27 28 42,13,
6/11/2002,05 06 09 33 44,52,
6/14/2002,04 08 32 37 43,2,
6/18/2002,06 13 18 27 45,18,
6/21/2002,13 18 32 39 49,6,
6/25/2002,04 18 21 27 41,50,
6/28/2002,18 31 49 50 51,4,
7/2/2002,14 22 32 35 44,6,
7/5/2002,11 20 26 29 41,41,
7/9/2002,26 29 31 44 48,40,
7/12/2002,13 19 23 38 47,15,
7/16/2002,10 24 35 49 52,47,
7/19/2002,07 15 24 37 46,9,
7/23/2002,10 12 29 32 38,7,
7/26/2002,20 27 28 37 49,32,
7/30/2002,02 06 22 27 44,1,
8/2/2002,10 16 23 28 31,7,
8/6/2002,02 06 38 40 50,14,
8/9/2002,07 17 23 43 44,26,
8/13/2002,03 10 15 18 25,52,
8/16/2002,22 31 33 44 52,43,
8/20/2002,02 13 20 23 43,6,
8/23/2002,05 19 20 45 48,44,
8/27/2002,02 05 11 18 45,22,
8/30/2002,06 31 32 42 51,42,
9/3/2002,08 23 36 49 51,10,
9/6/2002,31 39 42 49 51,35,
9/10/2002,04 06 10 21 25,21,
9/13/2002,24 32 37 40 51,12,
9/17/2002,07 10 19 26 44,5,
9/20/2002,01 02 04 05 46,8,
9/24/2002,08 32 34 42 50,21,
9/27/2002,23 27 30 33 36,5,
10/1/2002,07 21 30 32 37,15,
10/4/2002,10 42 43 45 51,1,
10/8/2002,18 34 43 47 50,25,
10/11/2002,09 11 17 26 41,29,
10/15/2002,06 20 27 34 51,22,
10/18/2002,10 31 40 48 51,38,
10/22/2002,16 20 26 36 48,32,
10/25/2002,08 15 34 39 47,4,
10/29/2002,09 10 14 41 49,35,
11/1/2002,05 10 22 23 43,37,
11/5/2002,02 07 16 28 36,47,
11/8/2002,17 19 37 47 48,14,
11/12/2002,03 28 45 48 50,24,
11/15/2002,06 17 44 49 51,39,
11/19/2002,07 16 20 40 52,8,
11/22/2002,11 16 19 22 46,5,
11/26/2002,03 21 27 31 43,34,
11/29/2002,08 25 33 42 49,40,
12/3/2002,01 15 19 40 51,26,
12/6/2002,04 08 30 36 52,48,
12/10/2002,03 05 09 16 31,28,
12/13/2002,02 13 14 24 46,34,
12/17/2002,03 07 21 29 49,46,
12/20/2002,10 14 41 46 49,52,
12/24/2002,08 24 39 43 52,43,
12/27/2002,11 14 26 30 39,3,
12/31/2002,08 21 29 42 51,34,
1/3/2003,06 14 28 37 46,3,
1/7/2003,15 16 28 34 51,33,
1/10/2003,07 17 18 34 50,18,
1/14/2003,30 39 41 47 52,27,
1/17/2003,25 26 38 42 46,27,
1/21/2003,04 41 48 50 51,23,
1/24/2003,16 31 37 40 41,5,
1/28/2003,13 24 26 32 47,34,
1/31/2003,01 08 09 19 22,21,
2/4/2003,05 12 16 22 24,48,
2/7/2003,03 09 20 26 27,50,
2/11/2003,18 20 23 48 49,10,
2/14/2003,11 13 19 32 47,21,
2/18/2003,12 22 29 42 50,11,
2/21/2003,21 28 29 40 51,20,
2/25/2003,02 04 06 37 47,38,
2/28/2003,11 16 26 48 49,13,
3/4/2003,02 26 36 37 41,22,
3/7/2003,07 10 32 36 41,33,
3/11/2003,10 15 26 28 39,10,
3/14/2003,03 06 14 31 33,8,
3/18/2003,13 14 16 29 49,29,
3/21/2003,06 17 18 40 50,8,
3/25/2003,15 21 37 40 42,7,
3/28/2003,08 12 21 27 29,15,
4/1/2003,07 12 26 45 47,36,
4/4/2003,06 22 28 31 40,18,
4/8/2003,08 10 24 38 45,6,
4/11/2003,15 26 27 38 39,46,
4/15/2003,16 29 31 39 52,21,
4/18/2003,05 15 24 50 52,3,
4/22/2003,03 09 15 28 52,7,
4/25/2003,01 12 32 48 51,29,
4/29/2003,06 08 09 33 35,32,
5/2/2003,02 05 19 32 34,52,
5/6/2003,05 14 32 44 52,24,
5/9/2003,01 10 20 22 28,39,
5/13/2003,17 20 47 49 50,34,
5/16/2003,05 10 16 26 39,52,
5/20/2003,02 16 36 44 49,3,
5/23/2003,12 20 31 33 50,17,
5/27/2003,10 11 17 20 26,3,
5/30/2003,01 21 28 33 51,3,
6/3/2003,04 20 25 29 32,20,
6/6/2003,10 14 28 39 40,35,
6/10/2003,14 15 23 32 52,37,
6/13/2003,12 15 16 20 51,33,
6/17/2003,27 31 34 40 52,1,
6/20/2003,01 02 03 12 37,35,
6/24/2003,02 26 43 44 47,31,
6/27/2003,01 14 20 31 40,43,
7/1/2003,28 32 39 45 48,31,
7/4/2003,06 07 22 37 46,8,
7/8/2003,02 09 27 29 35,18,
7/11/2003,01 04 10 16 18,10,
7/15/2003,01 26 33 43 48,22,
7/18/2003,29 30 34 38 44,39,
7/22/2003,01 05 31 38 47,3,
7/25/2003,33 46 47 50 51,30,
7/29/2003,01 17 19 32 42,33,
8/1/2003,02 11 27 30 33,46,
8/5/2003,07 32 34 38 44,49,
8/8/2003,06 09 35 40 43,42,
8/12/2003,08 11 18 35 51,26,
8/15/2003,01 16 20 41 52,13,
8/19/2003,07 11 24 28 52,16,
8/22/2003,04 19 31 32 51,31,
8/26/2003,09 28 42 44 49,47,
8/29/2003,08 11 17 42 52,10,
9/2/2003,22 26 27 32 39,14,
9/5/2003,07 09 28 41 42,19,
9/9/2003,14 15 30 39 46,30,
9/12/2003,16 22 23 38 46,45,
9/16/2003,15 20 24 30 46,42,
9/19/2003,13 14 24 34 47,13,
9/23/2003,05 16 24 49 51,28,
9/26/2003,05 29 32 45 52,29,
9/30/2003,02 26 37 40 46,49,
10/3/2003,19 21 30 31 52,51,
10/7/2003,01 02 22 40 41,43,
10/10/2003,04 19 36 42 48,13,
10/14/2003,18 19 21 33 40,29,
10/17/2003,14 20 31 46 48,18,
10/21/2003,18 34 46 51 52,38,
10/24/2003,08 09 16 30 31,15,
10/28/2003,06 09 20 40 47,26,
10/31/2003,06 12 13 36 46,3,
11/4/2003,16 24 43 44 45,22,
11/7/2003,06 18 23 26 30,31,
11/11/2003,02 05 17 21 22,43,
11/14/2003,03 13 31 41 42,52,
11/18/2003,04 11 25 30 52,36,
11/21/2003,14 26 28 36 42,14,
11/25/2003,22 32 37 40 41,52,
11/28/2003,19 26 31 44 50,19,
12/2/2003,10 13 24 34 49,4,
12/5/2003,01 12 15 18 44,42,
12/9/2003,04 14 15 24 48,41,
12/12/2003,09 16 32 45 46,26,
12/16/2003,16 24 31 46 47,47,
12/19/2003,05 10 17 35 39,38,
12/23/2003,02 13 21 22 49,52,
12/26/2003,01 10 17 20 29,36,
12/30/2003,12 18 21 32 46,49,
1/2/2004,07 08 36 44 48,9,
1/6/2004,07 13 15 25 32,9,
1/9/2004,24 32 38 47 49,12,
1/13/2004,03 17 18 21 45,21,
1/16/2004,12 26 41 44 49,44,
1/20/2004,05 07 14 21 45,36,
1/23/2004,10 18 33 46 51,13,
1/27/2004,06 10 20 38 50,27,
1/30/2004,17 28 30 40 51,44,
2/3/2004,09 21 26 35 41,17,
2/6/2004,01 06 16 30 49,13,
2/10/2004,03 07 10 22 32,23,
2/13/2004,14 30 42 43 45,30,
2/17/2004,02 08 34 36 52,21,
2/20/2004,01 13 20 21 30,24,
2/24/2004,06 11 43 49 52,21,
2/27/2004,02 09 24 36 52,44,
3/2/2004,25 30 35 40 50,4,
3/5/2004,30 40 47 49 52,3,
3/9/2004,16 23 29 36 51,49,
3/12/2004,04 29 32 35 36,11,
3/16/2004,03 28 45 49 51,52,
3/19/2004,06 09 14 32 50,4,
3/23/2004,12 22 35 39 46,32,
3/26/2004,08 10 17 37 49,20,
3/30/2004,03 27 31 41 45,33,
4/2/2004,08 17 25 46 47,13,
4/6/2004,08 17 29 32 39,49,
4/9/2004,02 08 10 11 23,40,
4/13/2004,13 36 39 50 51,34,
4/16/2004,06 24 29 42 51,41,
4/20/2004,12 22 37 46 48,49,
4/23/2004,08 22 25 47 48,27,
4/27/2004,01 10 17 23 35,45,
4/30/2004,15 21 32 39 50,34,
5/4/2004,03 15 29 37 39,40,
5/7/2004,14 17 19 44 50,17,
5/11/2004,09 25 30 34 37,30,
5/14/2004,10 19 32 36 46,6,
5/18/2004,02 36 44 46 51,45,
5/21/2004,04 20 27 38 49,31,
5/25/2004,05 18 34 36 39,43,
5/28/2004,13 27 36 39 51,33,
6/1/2004,07 16 17 26 48,15,
6/4/2004,04 16 18 41 47,46,
6/8/2004,17 24 29 37 45,43,
6/11/2004,12 28 36 39 52,36,
6/15/2004,18 23 27 29 44,24,
6/18/2004,07 10 11 15 51,23,
6/22/2004,09 10 17 41 52,19,
6/25/2004,18 19 29 32 42,32,
6/29/2004,10 13 19 28 38,1,
7/2/2004,10 25 38 39 50,12,
7/6/2004,06 07 08 31 48,19,
7/9/2004,11 23 25 29 45,16,
7/13/2004,13 31 37 39 52,38,
7/16/2004,03 21 22 35 44,7,
7/20/2004,06 15 21 32 44,13,
7/23/2004,05 12 25 35 37,12,
7/27/2004,08 10 11 13 24,46,
7/30/2004,16 19 21 34 35,22,
8/3/2004,01 02 13 16 22,31,
8/6/2004,04 23 33 38 49,7,
8/10/2004,18 25 29 31 44,33,
8/13/2004,14 31 41 45 48,20,
8/17/2004,22 23 26 28 36,10,
8/20/2004,12 17 34 37 39,34,
8/24/2004,02 05 21 47 50,46,
8/27/2004,05 25 38 46 47,14,
8/31/2004,14 15 25 42 44,3,
9/3/2004,04 14 34 38 44,10,
9/7/2004,13 30 36 38 51,35,
9/10/2004,11 17 27 45 52,5,
9/14/2004,12 35 37 38 50,49,
9/17/2004,03 16 25 38 49,4,
9/21/2004,01 03 15 19 29,39,
9/24/2004,11 26 30 49 50,52,
9/28/2004,01 18 39 42 50,35,
10/1/2004,08 10 17 24 39,52,
10/5/2004,08 34 39 48 49,47,
10/8/2004,16 17 21 33 41,6,
10/12/2004,04 18 19 39 51,13,
10/15/2004,04 08 24 30 36,25,
10/19/2004,06 13 19 34 50,33,
10/22/2004,03 07 20 24 43,36,
10/26/2004,14 25 39 43 49,27,
10/29/2004,10 18 26 31 41,48,
11/2/2004,24 32 42 49 50,3,
11/5/2004,03 29 30 41 43,1,
11/9/2004,11 20 26 28 52,7,
11/12/2004,05 31 33 35 51,1,
11/16/2004,09 10 27 28 30,18,
11/19/2004,01 12 24 36 51,38,
11/23/2004,08 30 32 35 51,17,
11/26/2004,07 09 18 37 43,34,
11/30/2004,10 20 22 28 52,4,
12/3/2004,12 32 37 41 52,13,
12/7/2004,01 19 22 32 49,29,
12/10/2004,22 23 37 42 47,15,
12/14/2004,14 27 32 34 40,2,
12/17/2004,16 34 38 42 47,1,
12/21/2004,07 22 27 31 38,12,
12/24/2004,09 20 22 41 42,10,
12/28/2004,18 29 32 38 43,50,
12/31/2004,10 14 45 47 51,20,
1/4/2005,03 06 07 12 32,30,
1/7/2005,02 08 14 15 51,38,
1/11/2005,02 23 24 35 45,18,
1/14/2005,15 19 24 40 47,50,
1/18/2005,10 23 28 39 51,5,
1/21/2005,17 27 39 40 41,21,
1/25/2005,02 10 21 25 45,22,
1/28/2005,25 31 39 47 52,43,
2/1/2005,03 17 21 42 44,35,
2/4/2005,03 12 14 30 52,34,
2/8/2005,08 11 14 23 25,21,
2/11/2005,06 14 21 24 50,28,
2/15/2005,03 16 20 21 38,10,
2/18/2005,01 19 31 35 42,34,
2/22/2005,15 18 28 41 45,27,
2/25/2005,04 13 37 38 50,24,
3/1/2005,01 08 18 39 48,1,
3/4/2005,07 10 13 35 39,21,
3/8/2005,08 14 15 22 31,13,
3/11/2005,18 19 31 35 36,17,
3/15/2005,14 26 27 34 44,27,
3/18/2005,02 09 28 29 48,33,
3/22/2005,06 11 27 37 43,34,
3/25/2005,11 18 19 45 49,2,
3/29/2005,07 17 18 30 42,38,
4/1/2005,11 19 28 32 45,10,
4/5/2005,04 19 45 51 52,22,
4/8/2005,05 13 17 33 35,35,
4/12/2005,15 20 43 47 50,24,
4/15/2005,25 26 37 39 49,29,
4/19/2005,05 06 14 42 47,3,
4/22/2005,23 25 43 46 49,26,
4/26/2005,18 22 33 34 42,16,
4/29/2005,02 05 07 28 46,21,
5/3/2005,07 17 42 46 52,47,
5/6/2005,07 12 25 50 51,19,
5/10/2005,11 25 38 40 42,40,
5/13/2005,21 23 27 33 39,8,
5/17/2005,07 09 10 29 44,17,
5/20/2005,03 06 27 40 44,9,
5/24/2005,09 28 39 40 45,24,
5/27/2005,07 17 22 34 50,24,
5/31/2005,05 13 22 37 38,11,
6/3/2005,04 06 14 28 47,42,
6/7/2005,07 14 28 46 47,25,
6/10/2005,14 29 31 37 50,34,
6/14/2005,01 10 29 48 49,36,
6/17/2005,16 35 40 49 50,34,
6/21/2005,09 13 40 46 50,30,
6/24/2005,14 43 44 50 56,7,
6/28/2005,02 20 37 43 46,4,
7/1/2005,14 25 41 42 50,40,
7/5/2005,22 38 48 50 55,29,
7/8/2005,09 23 45 48 50,3,
7/12/2005,05 17 32 39 53,36,
7/15/2005,09 13 25 36 48,2,
7/19/2005,07 13 48 51 54,11,
7/22/2005,07 18 27 35 54,34,
7/26/2005,01 10 18 29 55,8,
7/29/2005,04 16 23 25 40,22,
8/2/2005,17 22 39 50 52,46,
8/5/2005,03 05 48 50 53,4,
8/9/2005,13 35 36 43 52,5,
8/12/2005,08 37 38 45 54,21,
8/16/2005,09 15 20 24 55,3,
8/19/2005,02 13 18 36 46,36,
8/23/2005,06 07 08 13 40,12,
8/26/2005,05 20 38 47 54,35,
8/30/2005,19 32 42 49 56,29,
9/2/2005,01 04 14 45 53,33,
9/6/2005,01 08 27 31 50,40,
9/9/2005,15 28 43 51 52,11,
9/13/2005,13 24 44 48 52,30,
9/16/2005,05 16 41 46 50,1,
9/20/2005,35 36 40 42 52,45,
9/23/2005,06 07 20 41 51,38,
9/27/2005,14 17 26 27 28,5,
9/30/2005,01 03 14 30 52,10,
10/4/2005,12 24 28 29 36,41,
10/7/2005,02 04 23 27 36,37,
10/11/2005,24 30 42 53 54,20,
10/14/2005,06 20 24 25 34,44,
10/18/2005,03 12 16 32 33,15,
10/21/2005,11 17 28 29 36,42,
10/25/2005,07 12 18 31 55,30,
10/28/2005,08 17 25 28 53,1,
11/1/2005,05 18 21 28 36,20,
11/4/2005,07 09 41 53 54,38,
11/8/2005,08 16 21 25 27,16,
11/11/2005,09 14 34 50 51,40,
11/15/2005,02 04 05 40 48,7,
11/18/2005,08 18 21 42 46,11,
11/22/2005,09 22 37 41 43,30,
11/25/2005,05 25 31 33 34,41,
11/29/2005,07 08 47 51 52,5,
12/2/2005,03 12 21 38 44,45,
12/6/2005,06 10 26 30 33,16,
12/9/2005,14 15 31 32 43,20,
12/13/2005,09 10 12 22 41,4,
12/16/2005,14 25 26 31 56,17,
12/20/2005,06 20 23 40 56,36,
12/23/2005,10 37 39 49 54,8,
12/27/2005,11 24 27 49 55,23,
12/30/2005,14 20 25 40 44,37,
1/3/2006,15 19 20 32 38,21,
1/6/2006,08 11 28 37 53,12,
1/10/2006,07 27 32 37 38,30,
1/13/2006,05 21 27 44 53,36,
1/17/2006,24 32 37 39 40,44,
1/20/2006,18 22 28 44 53,46,
1/24/2006,31 34 36 51 55,4,
1/27/2006,02 07 08 18 29,46,
1/31/2006,01 35 53 54 56,44,
2/3/2006,29 31 32 41 52,42,
2/7/2006,02 16 25 30 48,26,
2/10/2006,24 39 40 43 46,2,
2/14/2006,27 36 43 49 54,33,
2/17/2006,16 25 31 43 46,28,
2/21/2006,14 23 27 36 45,36,
2/24/2006,03 05 12 16 34,27,
2/28/2006,02 04 35 36 48,22,
3/3/2006,25 29 38 39 46,4,
3/7/2006,15 27 36 38 42,32,
3/10/2006,04 17 18 51 54,31,
3/14/2006,27 28 30 42 50,22,
3/17/2006,08 11 23 48 52,5,
3/21/2006,04 16 17 28 31,8,
3/24/2006,01 02 17 47 49,19,
3/28/2006,14 18 35 39 49,14,
3/31/2006,04 07 19 50 52,15,
4/4/2006,09 25 48 51 56,7,
4/7/2006,01 18 31 46 52,37,
4/11/2006,02 12 45 46 56,20,
4/14/2006,08 10 18 29 33,10,
4/18/2006,13 14 25 34 50,6,
4/21/2006,02 04 07 27 41,4,
4/25/2006,01 20 32 37 39,9,
4/28/2006,16 29 32 36 55,12,
5/2/2006,07 11 22 27 31,33,
5/5/2006,08 20 39 53 55,10,
5/9/2006,07 15 24 43 44,22,
5/12/2006,06 36 39 45 52,45,
5/16/2006,07 24 40 48 50,15,
5/19/2006,05 12 31 51 56,1,
5/23/2006,17 21 28 48 54,1,
5/26/2006,12 14 20 47 48,24,
5/30/2006,02 13 28 34 45,36,
6/2/2006,03 10 18 36 38,41,
6/6/2006,05 29 35 52 53,9,
6/9/2006,08 17 18 26 47,37,
6/13/2006,01 20 23 24 33,29,
6/16/2006,27 30 36 38 45,13,
6/20/2006,11 21 37 53 54,12,
6/23/2006,13 17 24 34 56,24,
6/27/2006,02 14 20 29 44,32,
6/30/2006,20 40 46 48 54,27,
7/4/2006,09 15 31 42 45,41,
7/7/2006,07 15 27 46 56,39,
7/11/2006,05 14 34 36 52,42,
7/14/2006,13 25 26 28 56,39,
7/18/2006,12 13 29 49 52,20,
7/21/2006,18 26 35 36 43,24,
7/25/2006,07 21 24 41 51,10,
7/28/2006,02 13 23 32 35,4,
8/1/2006,14 29 32 43 49,14,
8/4/2006,02 24 31 50 55,44,
8/8/2006,01 05 13 18 33,30,
8/11/2006,14 16 38 40 49,29,
8/15/2006,10 12 22 44 48,16,
8/18/2006,05 12 13 46 50,10,
8/22/2006,03 04 05 07 36,16,
8/25/2006,17 24 35 46 54,33,
8/29/2006,15 25 37 38 52,4,
9/1/2006,05 06 51 53 55,12,
9/5/2006,01 32 36 42 53,4,
9/8/2006,09 17 34 52 53,2,
9/12/2006,03 16 25 30 44,42,
9/15/2006,06 26 33 39 55,1,
9/19/2006,02 19 44 45 56,43,
9/22/2006,07 12 17 22 43,16,
9/26/2006,03 06 38 42 45,30,
9/29/2006,03 25 43 45 55,40,
10/3/2006,06 19 32 33 40,39,
10/6/2006,01 11 20 21 46,18,
10/10/2006,14 30 35 40 43,2,
10/13/2006,24 27 42 47 50,8,
10/17/2006,06 18 20 28 38,37,
10/20/2006,09 13 23 29 54,34,
10/24/2006,05 25 41 48 51,35,
10/27/2006,15 22 26 30 32,31,
10/31/2006,05 34 40 45 46,21,
11/3/2006,08 10 22 25 55,22,
11/7/2006,13 22 33 51 52,42,
11/10/2006,11 42 52 53 55,28,
11/14/2006,09 20 24 25 36,23,
11/17/2006,05 19 25 30 50,42,
11/21/2006,07 13 20 42 47,9,
11/24/2006,14 35 40 47 48,35,
11/28/2006,07 14 24 41 56,7,
12/1/2006,16 22 23 37 53,35,
12/5/2006,06 09 13 43 46,45,
12/8/2006,01 15 29 32 45,8,
12/12/2006,20 30 31 35 49,23,
12/15/2006,06 07 17 28 40,39,
12/19/2006,09 32 37 42 48,7,
12/22/2006,05 12 15 25 34,43,
12/26/2006,07 12 25 44 53,3,
12/29/2006,03 04 10 39 50,29,
1/2/2007,09 10 38 51 53,1,
1/5/2007,02 12 44 46 51,6,
1/9/2007,07 11 26 38 54,13,
1/12/2007,12 14 26 40 42,22,
1/16/2007,04 08 15 33 52,10,
1/19/2007,04 28 30 31 35,17,
1/23/2007,03 05 15 26 53,35,
1/26/2007,16 17 36 49 54,14,
1/30/2007,14 18 44 52 56,25,
2/2/2007,22 33 35 40 53,15,
2/6/2007,16 21 35 36 46,38,
2/9/2007,32 39 46 48 49,41,
2/13/2007,03 09 24 29 41,41,
2/16/2007,17 35 40 46 48,41,
2/20/2007,01 09 26 46 51,11,
2/23/2007,03 18 21 38 50,43,
2/27/2007,18 31 44 45 48,18,
3/2/2007,14 21 33 35 51,43,
3/6/2007,16 22 29 39 42,20,
3/9/2007,10 13 25 42 43,30,
3/13/2007,07 11 16 38 49,35,
3/16/2007,17 25 36 40 43,9,
3/20/2007,07 21 46 49 55,15,
3/23/2007,18 21 35 51 53,36,
3/27/2007,18 25 34 35 42,6,
3/30/2007,15 23 37 48 53,22,
4/3/2007,16 26 33 34 46,38,
4/6/2007,24 32 34 36 39,6,
4/10/2007,07 15 16 19 28,10,
4/13/2007,11 14 21 25 26,33,
4/17/2007,01 04 11 31 47,37,
4/20/2007,01 09 10 23 53,40,
4/24/2007,08 10 35 36 43,14,
4/27/2007,05 07 26 38 56,15,
5/1/2007,11 16 31 52 53,42,
5/4/2007,04 09 20 45 55,34,
5/8/2007,16 24 41 43 54,36,
5/11/2007,28 30 33 48 54,25,
5/15/2007,06 13 42 46 56,42,
5/18/2007,13 23 24 30 44,5,
5/22/2007,02 07 11 22 36,35,
5/25/2007,10 14 22 42 43,1,
5/29/2007,02 24 44 51 54,7,
6/1/2007,12 19 29 32 48,9,
6/5/2007,27 35 38 49 56,15,
6/8/2007,06 26 29 31 39,31,
6/12/2007,03 13 19 31 50,21,
6/15/2007,01 05 16 26 30,21,
6/19/2007,05 16 31 49 54,19,
6/22/2007,11 14 21 24 31,23,
6/26/2007,04 10 20 29 45,21,
6/29/2007,01 17 40 51 52,7,
7/3/2007,21 35 37 39 40,35,
7/6/2007,03 09 12 25 47,37,
7/10/2007,19 24 30 34 56,19,
7/13/2007,07 39 41 48 53,21,
7/17/2007,16 30 38 46 51,5,
7/20/2007,06 13 30 41 52,26,
7/24/2007,08 17 20 23 50,17,
7/27/2007,07 12 35 54 55,2,
7/31/2007,05 18 37 39 43,42,
8/3/2007,16 29 42 46 51,40,
8/7/2007,36 41 50 55 56,9,
8/10/2007,10 20 32 33 54,39,
8/14/2007,05 08 09 24 34,17,
8/17/2007,02 08 33 38 53,12,
8/21/2007,08 38 54 55 56,2,
8/24/2007,04 21 46 51 53,5,
8/28/2007,37 40 48 53 56,44,
8/31/2007,08 18 22 40 44,11,
9/4/2007,03 06 11 42 46,38,
9/7/2007,14 19 27 34 48,3,
9/11/2007,09 10 17 21 35,6,
9/14/2007,05 09 12 33 40,27,
9/18/2007,20 24 31 34 49,8,
9/21/2007,05 21 23 33 45,43,
9/25/2007,02 19 23 47 54,16,
9/28/2007,04 13 20 25 33,42,
10/2/2007,28 37 40 43 44,20,
10/5/2007,10 19 37 40 48,1,
10/9/2007,01 10 17 32 51,44,
10/12/2007,21 26 34 44 54,23,
10/16/2007,01 02 05 41 44,25,
10/19/2007,05 15 18 23 46,14,
10/23/2007,02 07 45 52 53,18,
10/26/2007,12 20 24 38 51,3,
10/30/2007,02 08 44 46 51,22,
11/2/2007,01 03 34 49 52,19,
11/6/2007,03 17 43 46 47,2,
11/9/2007,11 33 41 42 46,21,
11/13/2007,15 26 36 39 40,45,
11/16/2007,12 13 30 31 39,29,
11/20/2007,14 20 23 42 43,6,
11/23/2007,18 21 33 42 56,11,
11/27/2007,09 10 26 29 39,10,
11/30/2007,05 06 12 26 51,7,
12/4/2007,16 27 30 45 53,43,
12/7/2007,12 18 26 28 51,35,
12/11/2007,06 25 27 30 45,46,
12/14/2007,04 07 12 17 30,44,
12/18/2007,03 23 46 48 49,2,
12/21/2007,14 19 20 43 53,7,
12/28/2007,02 19 22 28 54,25,
1/1/2008,13 16 25 30 54,11,
1/4/2008,24 31 39 40 56,32,
1/8/2008,10 29 45 52 54,10,
1/11/2008,22 36 42 45 55,42,
1/15/2008,21 30 42 44 50,6,
1/18/2008,12 22 33 43 44,15,
1/22/2008,12 15 22 25 33,2,
1/25/2008,05 12 22 38 56,22,
1/29/2008,08 23 39 40 42,24,
2/1/2008,03 14 30 44 56,5,
2/5/2008,04 05 17 40 51,38,
2/8/2008,21 30 43 46 50,18,
2/12/2008,14 27 39 47 50,12,
2/15/2008,07 11 26 30 53,14,
2/19/2008,01 38 42 55 56,34,
2/22/2008,07 12 13 19 22,10,
2/26/2008,09 12 30 36 55,15,
2/29/2008,05 17 22 26 55,38,
3/4/2008,07 15 30 33 56,22,
3/7/2008,19 32 33 41 48,12,
3/11/2008,04 13 35 41 47,44,
3/14/2008,03 12 18 25 52,21,
3/18/2008,13 15 20 25 44,37,
3/21/2008,05 08 17 19 41,21,
3/25/2008,38 42 43 48 53,12,
3/28/2008,07 26 27 40 43,10,
4/1/2008,04 17 26 46 56,25,
4/4/2008,03 05 40 45 49,17,
4/8/2008,08 09 31 37 44,38,
4/11/2008,14 18 27 31 42,7,
4/15/2008,12 13 27 48 50,30,
4/18/2008,24 28 36 50 53,29,
4/22/2008,03 22 31 48 54,9,
4/25/2008,19 32 37 45 52,41,
4/29/2008,19 24 35 44 51,26,
5/2/2008,08 28 37 53 55,26,
5/6/2008,04 21 46 53 54,26,
5/9/2008,16 31 43 46 56,22,
5/13/2008,20 24 27 31 47,15,
5/16/2008,06 11 39 46 47,26,
5/20/2008,02 14 26 32 41,32,
5/23/2008,04 08 11 22 30,4,
5/27/2008,14 24 32 45 49,17,
5/30/2008,39 40 47 53 55,32,
6/3/2008,04 19 24 32 54,5,
6/6/2008,08 09 43 44 54,27,
6/10/2008,03 05 15 43 51,11,
6/13/2008,08 09 14 38 44,36,
6/17/2008,05 14 25 47 49,36,
6/20/2008,11 17 25 36 42,13,
6/24/2008,10 22 36 50 53,39,
6/27/2008,08 14 22 39 50,44,
7/1/2008,01 22 33 43 52,36,
7/4/2008,01 03 12 19 20,28,
7/8/2008,01 20 22 29 41,35,
7/11/2008,05 14 16 39 51,34,
7/15/2008,19 24 34 45 51,40,
7/18/2008,17 29 36 53 55,26,
7/22/2008,02 16 23 29 32,46,
7/25/2008,02 16 19 35 52,17,
7/29/2008,11 13 20 30 42,3,
8/1/2008,09 13 17 18 56,2,
8/5/2008,09 21 36 38 55,13,
8/8/2008,11 17 28 32 50,33,
8/12/2008,02 07 23 38 40,40,
8/15/2008,08 23 29 30 53,7,
8/19/2008,09 18 19 26 40,38,
8/22/2008,12 13 15 41 42,37,
8/26/2008,06 16 24 34 36,30,
8/29/2008,21 25 26 50 51,22,
9/2/2008,14 23 43 44 54,39,
9/5/2008,01 06 15 27 46,39,
9/9/2008,22 23 28 49 52,2,
9/12/2008,01 12 14 25 35,38,
9/16/2008,13 24 39 51 52,44,
9/19/2008,02 09 41 48 51,37,
9/23/2008,09 32 34 43 52,4,
9/26/2008,06 13 14 31 36,36,
9/30/2008,09 30 35 39 49,36,
10/3/2008,13 28 32 41 52,16,
10/7/2008,02 25 35 38 42,34,
10/10/2008,14 15 43 46 48,21,
10/14/2008,14 35 41 42 51,23,
10/17/2008,07 15 27 28 31,35,
10/21/2008,16 19 39 42 44,38,
10/24/2008,05 33 34 47 52,18,
10/28/2008,06 39 45 46 48,36,
10/31/2008,02 07 17 29 47,40,
11/4/2008,10 21 23 41 55,9,
11/7/2008,14 24 32 43 44,21,
11/11/2008,05 27 38 42 55,41,
11/14/2008,03 18 19 30 34,3,
11/18/2008,10 15 22 52 53,12,
11/21/2008,01 22 52 53 56,45,
11/25/2008,02 11 22 51 52,46,
11/28/2008,10 30 44 46 48,44,
12/2/2008,02 17 22 32 51,35,
12/5/2008,21 27 46 52 55,14,
12/9/2008,11 12 26 31 33,27,
12/12/2008,10 16 19 27 48,25,
12/16/2008,10 14 16 29 40,6,
12/19/2008,03 13 16 39 54,32,
12/23/2008,01 08 13 27 41,45,
12/26/2008,06 19 29 33 37,31,
12/30/2008,01 22 29 44 52,39,
1/2/2009,02 11 19 21 34,38,
1/6/2009,03 11 12 19 33,30,
1/9/2009,23 25 30 45 50,8,
1/13/2009,22 25 33 36 48,40,
1/16/2009,02 04 21 39 51,29,
1/20/2009,01 09 10 35 46,9,
1/23/2009,02 17 20 27 28,7,
1/27/2009,03 11 12 14 21,25,
1/30/2009,13 16 19 53 55,2,
2/3/2009,04 15 29 43 56,29,
2/6/2009,02 12 18 28 31,3,
2/10/2009,18 29 38 43 47,7,
2/13/2009,25 36 37 40 51,20,
2/17/2009,01 09 23 27 33,24,
2/20/2009,21 28 41 45 55,24,
2/24/2009,01 27 28 35 40,6,
2/27/2009,24 37 44 50 56,35,
3/3/2009,26 32 35 43 52,10,
3/6/2009,11 18 37 46 55,45,
3/10/2009,02 27 31 39 40,23,
3/13/2009,10 12 26 46 50,23,
3/17/2009,09 15 24 28 31,17,
3/20/2009,15 16 20 39 40,26,
3/24/2009,04 25 34 43 44,45,
3/27/2009,10 15 24 38 50,19,
3/31/2009,14 39 47 48 53,29,
4/3/2009,16 22 38 39 48,42,
4/7/2009,02 04 13 17 36,15,
4/10/2009,18 25 36 42 51,22,
4/14/2009,04 11 22 48 50,42,
4/17/2009,05 13 26 35 45,32,
4/21/2009,05 24 37 47 52,6,
4/24/2009,09 20 21 48 49,7,
4/28/2009,15 20 24 36 44,6,
5/1/2009,09 16 24 40 43,35,
5/5/2009,05 23 38 39 54,3,
5/8/2009,12 27 29 32 34,34,
5/12/2009,04 08 10 14 51,31,
5/15/2009,07 12 24 36 48,27,
5/19/2009,02 04 09 15 42,13,
5/22/2009,03 29 34 42 49,29,
5/26/2009,09 18 21 37 55,33,
5/29/2009,23 30 36 39 48,34,
6/2/2009,09 13 26 30 35,33,
6/5/2009,05 20 38 41 52,20,
6/9/2009,05 17 31 36 56,46,
6/12/2009,06 11 20 32 44,38,
6/16/2009,09 15 21 26 45,25,
6/19/2009,04 09 12 16 46,44,
6/23/2009,12 14 16 31 50,9,
6/26/2009,11 15 17 29 46,16,
6/30/2009,07 34 49 54 55,34,
7/3/2009,05 06 07 11 25,31,
7/7/2009,25 27 35 38 39,28,
7/10/2009,05 10 26 27 28,4,
7/14/2009,20 29 35 45 53,41,
7/17/2009,08 17 40 47 50,13,
7/21/2009,03 08 21 50 52,2,
7/24/2009,03 06 43 51 52,36,
7/28/2009,04 17 24 25 48,34,
7/31/2009,17 35 44 52 56,22,
8/4/2009,01 28 34 42 50,27,
8/7/2009,07 18 35 45 56,3,
8/11/2009,06 12 15 32 42,40,
8/14/2009,08 22 25 33 35,46,
8/18/2009,04 05 26 37 56,25,
8/21/2009,09 38 44 48 49,13,
8/25/2009,03 12 19 22 40,2,
8/28/2009,01 17 31 37 54,31,
9/1/2009,02 09 28 51 53,19,
9/4/2009,02 04 06 21 44,37,
9/8/2009,04 10 18 28 50,35,
9/11/2009,16 27 48 49 54,2,
9/15/2009,29 30 32 35 41,39,
9/18/2009,18 27 31 36 52,33,
9/22/2009,26 29 33 39 46,24,
9/25/2009,07 27 42 49 52,19,
9/29/2009,02 21 25 45 50,21,
10/2/2009,15 24 51 53 55,11,
10/6/2009,09 33 51 53 56,39,
10/9/2009,03 14 21 24 51,14,
10/13/2009,17 31 34 45 51,24,
10/16/2009,10 13 18 33 51,43,
10/20/2009,13 17 25 45 55,8,
10/23/2009,27 45 48 54 56,2,
10/27/2009,07 13 37 46 51,2,
10/30/2009,04 15 17 29 38,20,
11/3/2009,05 18 23 31 38,20,
11/6/2009,07 11 27 40 46,8,
11/10/2009,08 21 29 34 37,15,
11/13/2009,27 43 45 49 54,44,
11/17/2009,08 22 27 49 50,28,
11/20/2009,03 04 07 16 56,39,
11/24/2009,10 11 35 37 50,12,
11/27/2009,12 25 37 39 45,11,
12/1/2009,17 30 39 52 53,21,
12/4/2009,04 33 41 51 56,38,
12/8/2009,20 23 28 30 46,29,
12/11/2009,02 21 27 34 44,45,
12/15/2009,27 31 32 36 47,35,
12/18/2009,10 20 30 44 49,24,
12/22/2009,03 33 35 39 45,13,
12/29/2009,02 05 29 35 51,3,
1/1/2010,06 08 27 40 41,21,
1/5/2010,13 28 39 50 55,10,
1/8/2010,18 20 31 36 43,33,
1/12/2010,05 09 31 37 56,16,
1/15/2010,04 07 19 21 38,29,
1/19/2010,04 05 34 38 41,18,
1/22/2010,08 13 27 28 52,9,
1/26/2010,07 08 38 39 48,22,
1/29/2010,01 10 22 23 38,19,
2/2/2010,06 07 26 27 49,9,
2/5/2010,10 20 45 51 53,41,
2/9/2010,02 17 20 26 48,12,
2/12/2010,14 16 17 33 47,23,
2/16/2010,11 12 21 29 45,5,
2/19/2010,01 22 39 42 46,36,
2/23/2010,04 16 36 40 53,18,
2/26/2010,04 14 29 54 56,40,
3/2/2010,09 12 47 48 56,25,
3/5/2010,11 31 34 44 52,32,
3/9/2010,14 16 18 19 29,16,
3/12/2010,02 15 25 48 53,41,
3/16/2010,03 22 48 52 56,13,
3/19/2010,10 31 45 50 54,25,
3/23/2010,03 25 28 29 40,13,
3/26/2010,23 41 46 47 52,22,
3/30/2010,01 11 24 38 44,41,
4/2/2010,02 17 22 30 31,19,
4/6/2010,16 43 44 52 56,26,
4/9/2010,15 18 39 48 53,3,
4/13/2010,03 12 27 39 47,32,
4/16/2010,10 16 31 48 50,44,
4/20/2010,05 08 10 34 42,25,
4/23/2010,19 26 28 37 52,18,
4/27/2010,23 37 41 50 55,6,
4/30/2010,14 20 41 47 53,40,
5/4/2010,09 21 31 36 43,8,
5/7/2010,02 07 20 34 50,40,
5/11/2010,26 33 43 46 54,9,
5/14/2010,20 21 40 47 56,12,
5/18/2010,11 13 19 37 40,26,
5/21/2010,15 20 23 26 30,17,
5/25/2010,05 14 17 19 24,25,
5/28/2010,03 11 20 29 39,26,
6/1/2010,12 27 44 45 51,30,
6/4/2010,12 13 15 17 50,23,
6/8/2010,12 18 28 48 54,6,
6/11/2010,06 13 33 34 42,25,
6/15/2010,04 12 13 21 27,46,
6/18/2010,11 36 37 41 55,7,
6/22/2010,12 17 21 23 30,24,
6/25/2010,01 02 13 19 27,21,
6/29/2010,03 04 15 27 37,35,
7/2/2010,01 10 12 32 36,25,
7/6/2010,08 18 45 47 50,36,
7/9/2010,01 31 33 34 50,41,
7/13/2010,07 11 14 15 34,14,
7/16/2010,02 15 18 20 39,34,
7/20/2010,12 18 28 36 43,19,
7/23/2010,16 19 39 44 49,26,
7/27/2010,02 07 10 16 29,8,
7/30/2010,11 30 40 48 52,42,
8/3/2010,04 13 20 22 56,32,
8/6/2010,07 13 30 33 54,30,
8/10/2010,02 14 26 50 56,12,
8/13/2010,06 17 24 43 55,36,
8/17/2010,11 19 40 43 44,33,
8/20/2010,04 13 20 29 48,36,
8/24/2010,04 23 24 28 32,31,
8/27/2010,04 10 26 32 41,31,
8/31/2010,10 20 29 47 48,38,
9/3/2010,10 13 20 28 36,9,
9/7/2010,08 18 22 24 38,23,
9/10/2010,11 12 17 21 23,20,
9/14/2010,06 14 50 55 56,1,
9/17/2010,03 04 14 18 27,13,
9/21/2010,03 20 43 47 52,26,
9/24/2010,02 28 38 42 55,25,
9/28/2010,02 10 13 36 38,18,
10/1/2010,03 08 21 28 52,43,
10/5/2010,10 19 24 37 44,27,
10/8/2010,24 29 37 48 50,19,
10/12/2010,10 31 36 37 43,15,
10/15/2010,09 10 13 31 50,10,
10/19/2010,02 09 14 37 42,41,
10/22/2010,02 07 18 32 53,18,
10/26/2010,15 21 30 31 32,26,
10/29/2010,04 19 26 28 39,14,
11/2/2010,01 03 12 16 54,46,
11/5/2010,19 25 34 46 53,15,
11/9/2010,08 26 28 33 53,11,
11/12/2010,09 26 28 35 38,10,
11/16/2010,01 26 27 39 46,21,
11/19/2010,07 14 31 51 54,35,
11/23/2010,02 06 12 34 35,33,
11/26/2010,05 09 34 43 47,8,
11/30/2010,11 16 19 47 53,2,
12/3/2010,06 11 12 18 56,12,
12/7/2010,04 38 45 53 54,9,
12/10/2010,23 27 33 44 46,36,
12/14/2010,18 22 25 31 38,29,
12/17/2010,11 20 26 46 53,12,
12/21/2010,08 11 12 31 32,29,
12/24/2010,15 16 27 40 52,16,
12/28/2010,06 18 36 40 49,7,
12/31/2010,10 12 13 35 56,9,
1/4/2011,04 08 15 25 47,42,
1/7/2011,04 22 42 46 53,20,
1/11/2011,01 04 11 16 45,37,
1/14/2011,02 15 17 33 35,8,
1/18/2011,04 27 29 38 45,5,4
1/21/2011,05 09 21 35 38,20,4
1/25/2011,05 08 31 46 50,4,4
1/28/2011,14 33 48 49 50,18,4
2/1/2011,16 22 23 26 35,31,4
2/4/2011,06 20 29 48 55,6,4
2/8/2011,25 35 36 47 48,18,2
2/11/2011,08 09 17 32 34,13,2
2/15/2011,17 18 24 35 39,18,4
2/18/2011,05 06 07 30 45,42,3
2/22/2011,15 22 23 48 55,31,4
2/25/2011,04 05 17 19 50,7,4
3/1/2011,01 12 19 20 47,25,3
3/4/2011,08 10 15 23 41,7,4
3/8/2011,03 17 19 41 55,24,4
3/11/2011,14 19 21 42 45,6,2
3/15/2011,10 11 12 28 43,45,4
3/18/2011,14 33 34 54 56,37,4
3/22/2011,01 14 35 50 53,43,4
3/25/2011,22 24 31 52 54,4,4
3/29/2011,06 15 23 34 38,43,4
4/1/2011,13 14 35 36 53,19,3
4/5/2011,01 19 20 31 36,9,2
4/8/2011,06 40 45 50 56,11,3
4/12/2011,10 23 39 41 45,15,2
4/15/2011,22 23 33 39 48,29,3
4/19/2011,20 24 32 45 51,43,4
4/22/2011,03 18 46 51 53,17,3
4/26/2011,19 29 32 38 55,15,3
4/29/2011,09 10 11 33 51,29,4
5/3/2011,01 16 29 36 50,16,2
5/6/2011,06 18 26 37 41,9,3
5/10/2011,11 16 34 40 51,34,4
5/13/2011,03 33 39 47 53,9,4
5/17/2011,01 02 17 25 48,45,4
5/20/2011,10 17 19 45 48,30,4
5/24/2011,09 12 21 42 43,42,3
5/27/2011,05 07 14 28 56,10,4
5/31/2011,28 30 31 37 55,13,3
6/3/2011,20 23 41 49 53,31,3
6/7/2011,29 32 35 47 52,13,4
6/10/2011,18 21 27 37 38,7,3
6/14/2011,09 10 20 51 53,24,4
6/17/2011,12 29 46 47 51,24,4
6/21/2011,11 24 25 31 46,17,3
6/24/2011,10 14 40 49 51,4,3
6/28/2011,12 17 27 47 48,33,4
7/1/2011,12 17 30 35 47,26,4
7/5/2011,01 10 13 18 46,19,2
7/8/2011,01 02 22 37 50,45,3
7/12/2011,03 09 11 44 49,9,4
7/15/2011,16 29 30 46 56,6,3
7/19/2011,02 09 10 16 35,40,4
7/22/2011,23 31 32 39 56,38,4
7/26/2011,20 25 35 52 55,10,3
7/29/2011,08 10 22 47 48,35,4
8/2/2011,14 17 19 20 32,28,4
8/5/2011,06 24 28 33 42,19,3
8/9/2011,11 19 39 45 54,15,4
8/12/2011,09 43 51 54 55,13,4
8/16/2011,04 38 41 42 43,44,4
8/19/2011,05 15 53 54 56,22,2
8/23/2011,11 21 44 48 49,23,3
8/26/2011,02 03 27 30 47,36,3
8/30/2011,02 22 25 28 50,18,4
9/2/2011,25 44 48 49 55,20,3
9/6/2011,01 36 38 42 49,19,4
9/9/2011,07 12 19 23 31,45,4
9/13/2011,22 31 43 48 56,45,4
9/16/2011,06 23 41 45 56,24,4
9/20/2011,06 29 38 50 51,39,4
9/23/2011,27 31 32 40 52,36,4
9/27/2011,02 20 28 36 45,37,4
9/30/2011,03 19 21 44 45,29,4
10/4/2011,03 26 40 45 52,11,3
10/7/2011,05 15 19 23 38,19,4
10/11/2011,25 34 38 44 56,27,4
10/14/2011,13 35 42 45 54,26,4
10/18/2011,24 25 45 47 53,42,2
10/21/2011,06 21 35 37 38,17,3
10/25/2011,13 33 40 44 46,8,4
10/28/2011,13 31 49 52 56,41,4
11/1/2011,27 31 39 40 46,36,3
11/4/2011,26 30 32 33 44,1,4
11/8/2011,05 31 45 47 54,4,4
11/11/2011,02 16 22 29 50,27,4
11/15/2011,03 06 24 30 33,21,4
11/18/2011,04 13 33 39 55,3,4
11/22/2011,04 16 23 33 48,38,2
11/25/2011,22 28 42 49 54,43,3
11/29/2011,17 29 43 48 52,36,4
12/2/2011,24 30 48 51 56,45,4
12/6/2011,07 21 29 35 49,39,4
12/9/2011,04 12 29 49 51,44,4
12/13/2011,05 06 22 26 41,6,4
12/16/2011,02 04 26 36 39,27,3
12/20/2011,20 24 27 45 51,31,4
12/23/2011,03 05 08 18 29,14,4
12/27/2011,23 32 33 39 43,8,3
12/30/2011,04 24 45 46 52,1,4
1/3/2012,02 03 15 22 36,23,2
1/6/2012,09 17 28 34 48,46,2
1/10/2012,04 10 16 38 48,34,3
1/13/2012,10 27 28 37 51,19,3
1/17/2012,03 15 31 36 53,27,2
1/20/2012,01 09 28 38 47,8,2
1/24/2012,10 22 24 36 49,33,4
1/27/2012,03 05 30 36 48,23,4
1/31/2012,09 17 18 28 43,9,3
2/3/2012,07 19 21 49 53,35,4
2/7/2012,17 23 30 37 45,4,4
2/10/2012,03 04 18 29 50,20,4
2/14/2012,03 05 10 26 27,27,2
2/17/2012,16 25 28 32 40,3,3
2/21/2012,09 30 39 42 47,37,3
2/24/2012,01 16 18 25 27,3,4
2/28/2012,06 15 29 39 51,36,3
3/2/2012,16 29 48 52 54,5,2
3/6/2012,20 24 31 33 36,44,4
3/9/2012,09 10 27 36 42,11,4
3/13/2012,02 08 30 36 48,31,3
3/16/2012,28 29 43 51 53,7,3
3/20/2012,01 04 06 11 14,30,4
3/23/2012,06 17 19 20 21,20,4
3/27/2012,09 19 34 44 51,24,3
3/30/2012,02 04 23 38 46,23,3
4/3/2012,11 35 38 41 52,40,4
4/6/2012,02 19 20 24 33,39,4
4/10/2012,02 06 12 31 48,25,4
4/13/2012,09 14 17 36 42,33,4
4/17/2012,01 16 24 32 48,2,4
4/20/2012,14 23 26 33 35,40,3
4/24/2012,03 09 15 37 38,39,4
4/27/2012,02 05 45 46 47,37,4
5/1/2012,24 27 31 45 52,38,4
5/4/2012,04 11 21 42 53,38,4
5/8/2012,02 06 08 18 51,19,3
5/11/2012,03 15 29 35 54,8,4
5/15/2012,10 11 12 14 24,6,4
5/18/2012,03 11 22 34 49,1,4
5/22/2012,10 14 35 43 52,16,2
5/25/2012,09 15 21 40 54,11,4
5/29/2012,02 14 29 53 55,31,3
6/1/2012,02 27 38 46 52,45,3
6/5/2012,37 39 42 53 55,22,3
6/8/2012,04 09 34 40 48,25,3
6/12/2012,02 09 17 34 50,45,4
6/15/2012,08 12 18 30 40,4,3
6/19/2012,11 21 27 30 53,11,2
6/22/2012,10 16 19 32 36,13,3
6/26/2012,03 16 23 35 36,20,4
6/29/2012,28 34 39 45 53,34,4
7/3/2012,03 04 24 36 52,45,4
7/6/2012,20 23 28 35 39,21,3
7/10/2012,03 11 19 23 36,21,4
7/13/2012,06 07 13 24 46,34,2
7/17/2012,01 13 21 49 55,17,4
7/20/2012,02 44 48 50 52,3,3
7/24/2012,05 09 38 46 51,5,4
7/27/2012,02 03 04 08 43,26,3
7/31/2012,05 18 21 29 41,37,3
8/3/2012,02 10 13 38 46,2,3
8/7/2012,30 32 33 42 48,7,4
8/10/2012,10 18 36 38 44,8,4
8/14/2012,15 23 34 39 55,32,4
8/17/2012,08 20 24 35 56,24,3
8/21/2012,05 13 20 23 33,30,2
8/24/2012,25 34 45 46 49,34,2
8/28/2012,04 09 40 45 50,39,4
8/31/2012,31 40 41 47 48,45,3
9/4/2012,16 32 39 41 53,16,3
9/7/2012,15 32 38 42 46,31,4
9/11/2012,05 11 20 33 36,11,3
9/14/2012,16 17 21 40 51,20,4
9/18/2012,05 09 22 36 49,36,3
9/21/2012,03 13 14 46 55,34,4
9/25/2012,07 08 23 50 51,26,3
9/28/2012,06 08 14 43 56,28,4
10/2/2012,10 11 20 42 55,9,4
10/5/2012,08 09 16 32 39,15,3
10/9/2012,06 15 16 22 37,3,4
10/12/2012,06 10 24 26 42,15,4
10/16/2012,13 37 40 46 52,29,4
10/19/2012,14 34 36 48 53,42,3
10/23/2012,01 17 42 46 55,1,2
10/26/2012,04 15 24 36 40,44,2
10/30/2012,05 12 18 29 56,38,4
11/2/2012,04 18 22 38 44,24,3
11/6/2012,03 05 13 32 35,6,3
11/9/2012,18 22 33 35 40,11,4
11/13/2012,06 12 31 46 56,34,2
11/16/2012,05 24 26 29 53,36,4
11/20/2012,09 13 22 38 52,44,4
11/23/2012,08 37 44 47 48,27,4
11/27/2012,05 12 26 42 49,24,4
11/30/2012,11 22 24 28 31,46,3
12/4/2012,03 19 24 32 43,44,4
12/7/2012,07 43 44 51 56,4,3
12/11/2012,39 44 51 52 54,13,4
12/14/2012,11 28 33 41 43,41,4
12/18/2012,01 06 07 18 29,16,3
12/21/2012,03 18 32 41 56,19,3
12/25/2012,02 03 18 34 48,36,4
12/28/2012,10 13 32 40 41,32,4
1/1/2013,04 11 21 25 44,29,4
1/4/2013,01 02 23 25 55,39,4
1/8/2013,03 20 21 38 42,19,4
1/11/2013,24 29 30 34 56,1,4
1/15/2013,01 06 12 19 41,14,4
1/18/2013,08 18 25 42 49,14,3
1/22/2013,07 11 16 39 54,13,3
1/25/2013,11 12 17 31 48,1,4
1/29/2013,08 12 27 46 47,6,3
2/1/2013,01 30 32 40 41,17,3
2/5/2013,02 05 10 26 44,46,4
2/8/2013,06 15 20 39 50,5,4
2/12/2013,09 22 32 38 55,44,3
2/15/2013,11 35 41 42 44,42,4
2/19/2013,01 15 19 30 56,28,3
2/22/2013,09 13 24 38 49,30,3
2/26/2013,06 07 13 15 43,7,4
3/1/2013,17 30 38 43 51,20,4
3/5/2013,06 20 39 41 46,42,3
3/8/2013,04 11 25 34 35,44,4
3/12/2013,09 12 19 20 30,39,4
3/15/2013,04 08 17 22 32,8,2
3/19/2013,03 06 14 21 37,35,3
3/22/2013,14 27 34 37 41,38,4
3/26/2013,20 33 46 49 51,46,4
3/29/2013,25 31 36 46 53,21,4
4/2/2013,07 10 14 40 47,34,4
4/5/2013,08 15 23 36 41,5,3
4/9/2013,17 30 41 48 54,13,4
4/12/2013,01 10 13 19 21,28,3
4/16/2013,02 05 15 18 39,42,2
4/19/2013,06 08 12 22 43,28,4
4/23/2013,09 21 22 32 50,10,3
4/26/2013,17 42 49 54 55,31,4
4/30/2013,21 30 34 39 49,43,3
5/3/2013,02 20 34 42 54,39,2
5/7/2013,01 06 13 20 51,31,4
5/10/2013,01 19 20 39 49,28,4
5/14/2013,06 10 12 28 32,38,4
5/17/2013,11 15 35 43 49,41,4
5/21/2013,02 15 17 48 55,11,4
5/24/2013,04 05 16 18 53,28,4
5/28/2013,04 12 25 32 54,36,4
5/31/2013,02 20 26 44 46,26,3
6/4/2013,10 11 12 20 55,19,3
6/7/2013,01 10 37 48 55,21,4
6/11/2013,15 40 45 50 53,28,4
6/14/2013,02 05 31 33 34,20,4
6/18/2013,06 17 34 40 48,30,2
6/21/2013,03 14 17 40 50,3,3
6/25/2013,03 05 28 33 51,16,2
6/28/2013,08 15 35 46 52,38,4
7/2/2013,36 42 51 52 53,40,4
7/5/2013,02 23 41 47 54,42,4
7/9/2013,03 21 43 45 48,14,2
7/12/2013,04 05 25 27 51,10,3
7/16/2013,10 14 21 40 53,20,2
7/19/2013,16 20 24 39 42,46,3
7/23/2013,25 32 35 50 51,46,3
7/26/2013,04 22 23 27 38,42,4
7/30/2013,25 27 36 42 44,39,3
8/2/2013,08 21 23 25 39,4,2
8/6/2013,01 11 16 51 55,41,3
8/9/2013,11 20 30 34 38,12,3
8/13/2013,02 31 32 37 41,40,4
8/16/2013,07 13 26 36 46,37,4
8/20/2013,13 28 35 38 41,33,3
8/23/2013,01 09 17 20 53,14,4
8/27/2013,04 07 30 36 38,38,4
8/30/2013,06 19 24 43 44,33,2
9/3/2013,04 13 14 28 41,28,3
9/6/2013,02 16 17 22 41,31,4
9/10/2013,02 12 18 54 56,1,3
9/13/2013,09 22 28 48 54,8,4
9/17/2013,06 15 27 31 39,25,2
9/20/2013,01 15 20 21 47,34,2
9/24/2013,04 11 32 39 40,33,3
9/27/2013,09 23 27 49 51,38,2
10/1/2013,07 10 30 37 53,1,3
10/4/2013,04 16 24 25 44,5,3
10/8/2013,06 15 19 23 40,5,3
10/11/2013,03 27 37 45 48,46,4
10/15/2013,04 23 30 43 50,11,4
10/22/2013,02 03 19 52 71,14,5
10/25/2013,06 16 45 54 60,15,2
10/29/2013,20 33 50 53 54,7,3
11/1/2013,32 35 49 62 67,1,5
11/5/2013,02 11 42 64 74,2,5
11/8/2013,41 42 51 57 65,7,2
11/12/2013,20 30 32 42 71,15,5
11/15/2013,25 44 49 54 63,8,4
11/19/2013,14 15 29 49 63,2,3
11/22/2013,17 23 35 36 44,8,3
11/26/2013,27 44 59 74 75,3,5
11/29/2013,09 41 43 47 57,5,4
12/3/2013,07 12 41 44 59,3,3
12/6/2013,11 29 44 63 64,3,3
12/10/2013,05 12 22 41 65,13,2
12/13/2013,19 24 26 27 70,12,2
12/17/2013,08 14 17 20 39,7,4
12/20/2013,03 04 31 49 57,6,2
12/24/2013,23 34 53 58 73,2,3
12/27/2013,04 15 35 48 49,11,5
12/31/2013,08 12 34 52 58,8,3
1/3/2014,22 24 25 40 70,5,5
1/7/2014,13 34 56 62 64,6,5
1/10/2014,08 28 36 37 57,8,3
1/14/2014,04 23 26 62 69,13,3
1/17/2014,01 10 26 31 51,11,4
1/21/2014,08 23 33 45 52,4,4
1/24/2014,22 45 46 47 65,10,5
1/28/2014,07 16 28 53 60,2,3
1/31/2014,03 09 13 47 52,8,4
2/4/2014,25 44 49 60 73,9,3
2/7/2014,11 21 23 35 64,10,3
2/11/2014,43 64 67 71 73,4,2
2/14/2014,20 28 35 71 72,7,3
2/18/2014,23 29 31 37 70,14,5
2/21/2014,23 29 32 45 46,15,5
2/25/2014,12 18 25 35 66,15,5
2/28/2014,03 31 50 58 59,6,4
3/4/2014,10 29 31 35 45,10,2
3/7/2014,11 13 51 57 69,1,4
3/11/2014,09 14 56 57 69,10,4
3/14/2014,07 20 40 54 69,12,3
3/18/2014,11 19 24 33 51,7,3
3/21/2014,02 23 30 35 53,10,5
3/25/2014,19 26 51 57 73,15,3
3/28/2014,02 03 09 50 73,12,3
4/1/2014,10 23 68 74 75,9,5
4/4/2014,01 10 15 41 54,9,2
4/8/2014,35 36 41 60 71,3,3
4/11/2014,03 42 44 47 57,8,5
4/15/2014,04 39 46 47 70,13,3
4/18/2014,18 25 38 45 63,9,2
4/22/2014,02 18 19 49 50,1,3
4/25/2014,03 11 18 20 66,9,2
4/29/2014,07 43 59 61 66,3,3
5/2/2014,01 18 26 35 40,13,5
5/6/2014,18 20 27 48 51,5,3
5/9/2014,10 28 39 51 59,14,2
5/13/2014,37 46 48 70 74,1,2
5/16/2014,13 14 16 50 56,11,5
5/20/2014,10 40 63 64 69,7,2
5/23/2014,12 14 21 38 70,15,4
5/27/2014,01 06 10 46 58,13,2
5/30/2014,10 13 42 43 62,2,4
6/3/2014,19 28 62 66 74,6,3
6/6/2014,12 29 37 49 72,9,4
6/10/2014,02 10 24 26 74,7,5
6/13/2014,07 38 46 49 56,1,5
6/17/2014,10 14 24 47 60,3,4
6/20/2014,01 22 25 29 56,3,5
6/24/2014,13 17 24 47 65,10,4
6/27/2014,15 29 31 46 64,10,3
7/1/2014,09 22 38 47 49,15,3
7/4/2014,16 33 39 58 69,2,5
7/8/2014,14 25 27 48 49,9,5
7/11/2014,09 13 30 35 69,10,5
7/15/2014,02 04 17 36 40,5,2
7/18/2014,05 08 59 65 72,3,3
7/22/2014,14 18 22 31 47,15,3
7/25/2014,22 29 33 41 68,12,5
7/29/2014,02 08 16 43 74,1,4
8/1/2014,13 29 34 37 72,6,5
8/5/2014,25 28 36 45 53,6,5
8/8/2014,09 16 61 70 75,7,5
8/12/2014,32 53 60 63 68,6,4
8/15/2014,16 19 28 29 68,9,2
8/19/2014,22 39 56 67 71,15,4
8/22/2014,05 31 34 41 74,3,5
8/26/2014,29 31 51 60 64,1,5
8/29/2014,03 26 45 58 73,12,2
9/2/2014,01 08 54 69 72,1,3
9/5/2014,07 12 20 24 59,7,2
9/9/2014,25 34 55 70 71,1,4
9/12/2014,18 28 33 36 42,7,3
9/16/2014,25 45 51 53 73,2,2
9/19/2014,16 25 27 29 34,2,2
9/23/2014,21 24 25 40 43,12,5
9/26/2014,17 26 35 46 62,9,5
9/30/2014,03 16 52 54 61,6,5
10/3/2014,03 20 34 58 67,6,3
10/7/2014,16 29 46 48 55,2,3
10/10/2014,02 32 35 50 59,3,5
10/14/2014,11 37 46 64 68,15,3
10/17/2014,21 31 43 56 60,12,4
10/21/2014,05 35 37 41 66,11,5
10/24/2014,02 14 21 28 55,3,3
10/28/2014,03 50 57 58 60,11,5
10/31/2014,11 29 36 58 67,15,2
11/4/2014,09 15 24 39 41,1,4
11/7/2014,31 35 41 65 66,5,5
11/11/2014,23 25 28 30 75,11,5
11/14/2014,03 49 61 62 68,15,5
11/18/2014,37 39 53 68 75,6,2
11/21/2014,03 12 35 37 63,15,2
11/25/2014,10 11 29 47 56,4,2
11/28/2014,08 26 29 36 47,10,3
12/2/2014,13 18 22 49 62,11,5
12/5/2014,04 05 11 51 59,5,5
12/9/2014,27 45 49 51 52,14,5
12/12/2014,02 31 46 58 65,7,5
12/16/2014,41 58 68 72 73,1,5
12/19/2014,14 18 58 59 68,4,3
12/23/2014,04 10 31 56 66,7,3
12/26/2014,02 05 10 20 38,14,3
12/30/2014,03 07 44 63 67,12,4
1/2/2015,13 15 35 62 74,12,4
1/6/2015,12 20 27 38 75,4,3
1/9/2015,37 49 50 56 57,8,5
1/13/2015,12 20 25 50 51,7,5
1/16/2015,26 32 44 45 58,11,3
1/20/2015,31 35 56 59 63,6,5
1/23/2015,14 15 32 68 72,8,2
1/27/2015,05 26 27 44 57,7,3
1/30/2015,18 31 39 45 55,6,5
2/3/2015,11 22 25 58 69,13,5
2/6/2015,05 06 17 33 68,13,3
2/10/2015,07 42 53 58 71,15,2
2/13/2015,04 20 44 65 74,14,3
2/17/2015,06 45 50 65 66,1,5
2/20/2015,02 06 08 52 66,13,3
2/24/2015,15 23 26 45 66,4,3
2/27/2015,07 49 53 60 64,4,2
3/3/2015,09 11 42 44 50,3,4
3/6/2015,30 48 55 68 73,5,3
3/10/2015,10 14 19 30 73,14,5
3/13/2015,08 22 30 42 45,3,5
3/17/2015,11 27 44 45 58,3,5
3/20/2015,07 50 54 61 75,7,4
3/24/2015,02 23 32 45 55,12,2
3/27/2015,17 21 36 58 70,3,5
3/31/2015,08 26 41 61 73,11,5
4/3/2015,10 36 47 63 74,2,5
4/7/2015,05 15 22 26 64,6,4
4/10/2015,06 11 32 46 68,9,2
4/14/2015,03 07 25 68 71,3,5
4/17/2015,15 18 29 41 50,5,2
4/21/2015,31 33 35 41 69,11,5
4/24/2015,24 25 29 47 67,4,4
4/28/2015,22 27 55 58 63,11,5
5/1/2015,17 18 61 66 74,3,3
5/5/2015,11 21 42 62 71,7,5
5/8/2015,09 21 25 66 72,7,3
5/12/2015,14 30 33 36 44,2,5
5/15/2015,11 17 21 36 74,15,5
5/19/2015,10 12 21 29 65,10,5
5/22/2015,03 14 15 25 48,8,5
5/26/2015,01 39 52 69 72,12,4
5/29/2015,20 27 38 49 66,2,4
6/2/2015,02 09 11 22 23,12,4
6/5/2015,07 22 27 41 49,10,4
6/9/2015,06 16 17 25 36,7,5
6/12/2015,01 40 42 56 62,2,5
6/16/2015,08 19 26 56 67,14,2
6/19/2015,04 35 36 52 68,8,3
6/23/2015,06 13 38 56 70,2,5
6/26/2015,12 23 33 47 50,3,5
6/30/2015,11 17 34 43 50,15,4
7/3/2015,33 50 64 71 72,9,4
7/7/2015,06 15 16 28 49,14,3
7/10/2015,24 27 45 51 54,8,3
7/14/2015,19 24 30 35 72,5,3
7/17/2015,06 17 30 31 41,15,3
7/21/2015,20 30 62 65 74,1,5
7/24/2015,10 12 26 60 62,13,5
7/28/2015,08 35 61 68 75,15,5
7/31/2015,28 32 33 40 46,10,4
8/4/2015,02 19 44 51 57,14,2
8/7/2015,01 38 53 63 66,10,3
8/11/2015,03 08 29 57 68,8,4
8/14/2015,12 15 20 52 71,3,4
8/18/2015,02 07 33 39 53,9,3
8/21/2015,13 15 21 41 72,1,5
8/25/2015,05 44 54 59 63,1,5
8/28/2015,13 35 40 60 68,9,4
9/1/2015,02 05 35 40 54,13,5
9/4/2015,17 21 39 52 57,5,5
9/8/2015,19 20 36 41 46,7,3
9/11/2015,05 11 31 50 67,14,2
9/15/2015,07 20 35 49 56,9,4
9/18/2015,17 34 35 51 65,7,3
9/22/2015,28 30 38 45 51,8,5
9/25/2015,03 08 38 51 64,4,5
9/29/2015,08 21 30 61 62,9,3
10/2/2015,04 14 29 31 47,9,2
10/6/2015,17 58 63 64 66,13,3
10/9/2015,08 09 21 63 75,14,4
10/13/2015,07 09 24 38 52,1,5
10/16/2015,02 38 48 61 68,4,3
10/20/2015,06 25 35 38 52,4,4
10/23/2015,25 32 37 45 70,1,5
10/27/2015,09 26 27 29 74,4,3
10/30/2015,17 41 51 53 56,15,5
11/3/2015,16 29 44 69 74,12,5
11/6/2015,10 31 35 50 72,8,3
11/10/2015,08 17 20 45 71,4,4
11/13/2015,17 18 31 35 59,9,5
11/17/2015,12 14 18 24 61,10,3
11/20/2015,09 12 29 37 67,15,2
11/24/2015,02 19 30 38 70,8,4
11/27/2015,16 20 39 56 59,12,3
12/1/2015,05 07 25 50 59,12,2
12/4/2015,26 42 47 61 73,6,5
12/8/2015,07 17 37 49 73,15,3
12/11/2015,14 20 43 54 69,5,4
12/15/2015,18 25 47 51 61,5,5
12/18/2015,06 23 24 28 62,7,5
12/22/2015,11 21 40 50 70,15,3
12/25/2015,15 25 29 44 51,4,4
12/29/2015,20 25 55 62 74,7,3
1/1/2016,07 18 37 38 39,9,5
1/5/2016,01 04 36 48 57,13,5
1/8/2016,11 39 51 57 75,2,5
1/12/2016,15 27 29 31 48,15,4
1/15/2016,29 41 53 54 70,12,2
1/19/2016,02 17 31 39 47,9,2
1/22/2016,21 25 40 46 56,3,5
1/26/2016,14 27 39 50 69,2,2
1/29/2016,20 28 49 51 52,6,2
2/2/2016,07 13 25 51 70,9,4
2/5/2016,04 06 23 55 75,2,3
2/9/2016,03 42 46 56 71,13,4
2/12/2016,01 07 44 68 73,1,3
2/16/2016,09 31 33 46 64,4,3
2/19/2016,02 27 41 50 75,4,4
2/23/2016,16 32 39 53 57,10,5
2/26/2016,03 15 19 62 74,14,4
3/1/2016,01 29 33 34 55,6,5
3/4/2016,21 26 33 48 73,14,4
3/8/2016,27 37 54 66 69,5,5
3/11/2016,14 18 48 54 71,13,4
3/15/2016,18 26 30 44 68,7,4
3/18/2016,05 08 57 59 73,13,5
3/22/2016,06 19 34 38 70,5,5
3/25/2016,04 11 12 35 46,12,2
3/29/2016,33 38 40 46 49,15,5
4/1/2016,25 28 33 41 69,6,2
4/5/2016,13 45 52 53 57,10,5
4/8/2016,31 38 52 65 71,15,3
4/12/2016,07 11 59 62 63,3,5
4/15/2016,09 10 34 37 73,9,5
4/19/2016,09 28 40 57 65,2,5
4/22/2016,02 19 21 42 60,13,5
4/26/2016,14 16 17 28 48,2,2
4/29/2016,05 06 37 55 74,10,5
5/3/2016,28 29 33 36 45,15,5
5/6/2016,14 26 27 32 36,7,4
5/10/2016,12 22 46 56 74,4,3
5/13/2016,20 21 38 54 66,7,4
5/17/2016,17 24 27 48 75,6,3
5/20/2016,19 24 26 40 68,8,2
5/24/2016,11 50 51 70 75,15,4
5/27/2016,18 41 50 68 70,9,3
5/31/2016,09 31 34 41 49,8,5
6/3/2016,32 54 65 66 71,10,3
6/7/2016,25 48 51 65 72,4,4
6/10/2016,34 61 66 67 68,7,5
6/14/2016,36 37 38 52 62,6,5
6/17/2016,20 23 30 44 59,9,5
6/21/2016,06 13 21 49 50,10,5
6/24/2016,11 14 54 57 63,11,5
6/28/2016,15 17 20 35 55,7,2
7/1/2016,20 41 42 45 49,14,2
7/5/2016,29 46 53 64 73,10,5
7/8/2016,08 19 20 55 73,5,2
7/12/2016,06 08 22 46 68,4,4
7/15/2016,16 51 52 56 58,4,2
7/19/2016,03 34 54 65 66,4,5
7/22/2016,08 24 25 26 30,7,4
7/26/2016,01 04 31 36 54,9,3
7/29/2016,11 16 19 31 48,4,5
8/2/2016,03 12 36 54 70,12,5
8/5/2016,05 18 28 54 74,6,4
8/9/2016,12 19 20 44 66,1,5
8/12/2016,04 41 44 56 69,10,4
8/16/2016,02 43 52 62 63,6,5
8/19/2016,22 37 45 65 73,13,5
8/23/2016,02 07 46 61 66,1,2
8/26/2016,10 11 31 41 44,14,2
8/30/2016,28 32 41 51 71,11,4
9/2/2016,22 28 41 46 60,3,3
9/6/2016,25 37 58 69 75,8,3
9/9/2016,01 34 43 44 63,11,4
9/13/2016,06 15 17 39 56,15,3
9/16/2016,13 21 28 34 40,15,3
9/20/2016,02 22 34 62 72,2,5
9/23/2016,01 05 08 25 62,14,3
9/27/2016,14 16 26 53 72,4,4
9/30/2016,21 30 47 50 57,9,5
10/4/2016,18 29 30 54 66,1,5
10/7/2016,24 37 42 50 65,14,2
10/11/2016,36 39 42 45 48,3,2
10/14/2016,07 27 60 64 74,5,3
10/18/2016,07 24 28 65 74,1,2
10/21/2016,12 43 44 48 66,3,4
10/25/2016,08 09 24 49 67,13,3
10/28/2016,07 38 46 57 66,2,5
11/1/2016,19 24 31 39 45,13,2
11/4/2016,10 29 32 44 46,10,3
11/8/2016,46 48 53 61 74,12,4
11/11/2016,16 40 47 53 59,11,5
11/15/2016,09 17 23 57 71,6,3
11/18/2016,31 32 49 55 58,15,5
11/22/2016,01 43 45 66 69,7,5
11/25/2016,44 47 49 69 75,10,3
11/29/2016,22 33 49 51 59,8,4
12/2/2016,03 33 35 49 51,1,2
12/6/2016,13 34 48 53 63,12,4
12/9/2016,19 27 47 67 68,1,5
12/13/2016,02 15 26 34 41,14,5
12/16/2016,01 08 15 36 43,6,5
12/20/2016,01 12 14 48 65,2,5
12/23/2016,21 30 39 60 69,15,5
12/27/2016,02 28 30 38 39,11,4
12/30/2016,06 21 33 39 43,2,2
1/3/2017,14 16 23 49 53,12,2
1/6/2017,06 10 44 47 54,6,5
1/10/2017,11 20 40 41 59,15,5
1/13/2017,10 44 58 74 75,11,3
1/17/2017,20 31 54 56 59,3,5
1/20/2017,07 09 24 41 53,14,3
1/24/2017,08 42 54 63 67,11,4
1/27/2017,17 37 53 54 61,8,3
1/31/2017,03 14 27 62 72,4,3
2/3/2017,03 06 29 30 64,3,5
2/7/2017,23 28 37 56 71,12,5
2/10/2017,32 39 51 62 75,14,5
2/14/2017,07 11 33 60 68,15,5
2/17/2017,04 56 58 67 75,8,5
2/21/2017,09 21 30 32 75,9,5
2/24/2017,12 29 33 42 68,14,3
2/28/2017,20 33 45 58 69,4,2
3/3/2017,14 26 39 48 51,9,5
3/7/2017,03 30 45 53 68,11,3
3/10/2017,26 38 42 58 70,5,5
3/14/2017,16 23 28 33 59,13,3
3/17/2017,11 27 31 58 60,10,4
3/21/2017,04 45 53 73 75,7,3
3/24/2017,05 28 37 61 69,1,5
3/28/2017,30 33 35 37 46,10,5
3/31/2017,17 24 27 32 58,10,3
4/4/2017,13 24 34 35 55,9,5
4/7/2017,30 33 43 47 69,15,5
4/11/2017,19 34 35 38 49,8,5
4/14/2017,05 10 55 60 73,12,5
4/18/2017,08 29 30 43 64,6,3
4/21/2017,01 12 13 32 34,10,2
4/25/2017,03 13 33 40 50,2,4
4/28/2017,06 13 18 20 31,13,4
5/2/2017,05 14 42 43 58,1,4
5/5/2017,04 23 33 47 53,7,4
5/9/2017,06 29 45 69 73,11,5
5/12/2017,28 34 41 42 47,13,4
5/16/2017,04 35 39 56 72,11,5
5/19/2017,01 04 05 24 30,1,3
5/23/2017,06 13 17 33 60,14,2
5/26/2017,25 26 28 37 56,5,3
5/30/2017,05 20 32 37 67,5,5
6/2/2017,07 42 57 69 72,10,3
6/6/2017,03 05 16 49 75,5,3
6/9/2017,03 16 28 33 37,9,5
6/13/2017,27 51 62 68 75,8,3
6/16/2017,18 22 26 30 44,9,5
6/20/2017,02 15 41 49 63,3,3
6/23/2017,12 20 53 66 74,11,2
6/27/2017,04 21 45 52 57,14,4
6/30/2017,10 38 51 55 64,6,5
7/4/2017,16 39 47 53 71,15,4
7/7/2017,02 09 11 28 60,10,5
7/11/2017,07 18 24 55 74,10,2
7/14/2017,11 12 24 32 73,1,4
7/18/2017,08 12 23 51 73,6,4
7/21/2017,18 31 36 50 74,10,4
7/25/2017,02 05 26 58 60,6,3
7/28/2017,04 06 31 49 52,11,3
8/1/2017,20 22 52 57 73,7,5
8/4/2017,09 17 25 63 71,4,5
8/8/2017,11 17 50 52 74,14,2
8/11/2017,23 33 53 56 58,6,5
8/15/2017,07 16 20 66 73,7,2
8/18/2017,01 31 34 40 75,6,3
8/22/2017,24 35 46 50 51,7,4
8/25/2017,17 38 42 51 65,11,5
8/29/2017,02 13 17 35 73,3,3
9/1/2017,04 13 31 50 64,12,5
9/5/2017,11 17 59 70 72,1,3
9/8/2017,04 05 14 26 73,14,3
9/12/2017,26 37 41 54 65,3,4
9/15/2017,18 24 34 38 58,3,4
9/19/2017,09 28 31 50 61,10,2
9/22/2017,05 39 54 63 66,15,5
9/26/2017,01 10 57 66 75,4,4
9/29/2017,25 51 62 73 74,7,5
10/3/2017,12 18 19 25 67,7,5
10/6/2017,21 33 36 45 56,12,5
10/10/2017,07 16 24 61 62,2,5
10/13/2017,02 07 18 26 31,12,2
10/17/2017,31 45 49 56 70,11,5
10/20/2017,06 23 63 66 73,9,2
10/24/2017,20 24 34 56 64,6,4
10/27/2017,17 27 41 51 52,13,5
10/31/2017,06 28 31 52 53,12,4
11/3/2017,10 22 42 61 69,3,2
11/7/2017,01 54 60 68 69,11,4
11/10/2017,06 23 38 42 58,24,2
11/14/2017,01 14 21 22 28,19,3
11/17/2017,03 26 55 58 70,15,4
11/21/2017,03 07 22 27 50,3,3
11/24/2017,16 36 54 61 64,22,3
11/28/2017,10 17 47 51 61,5,2
12/1/2017,16 22 40 41 59,8,4
12/5/2017,14 15 37 42 67,22,4
12/8/2017,06 37 46 60 70,24,2
12/12/2017,08 23 24 25 27,9,2
12/15/2017,04 12 36 44 57,19,4
12/19/2017,28 37 39 42 58,2,3
12/22/2017,01 20 30 33 42,16,4
12/26/2017,10 12 20 38 41,25,4
12/29/2017,04 10 18 28 62,7,2
1/2/2018,01 42 47 64 70,22,4
1/5/2018,28 30 39 59 70,10,3
1/9/2018,16 29 31 65 67,23,3
1/12/2018,17 18 33 46 60,24,4
1/16/2018,03 11 23 29 59,18,3
1/19/2018,03 17 23 49 66,23,3
1/23/2018,02 06 30 31 55,7,4
1/26/2018,10 16 27 38 43,1,4
1/30/2018,29 41 42 49 57,24,3
2/2/2018,01 04 14 17 40,4,3
2/6/2018,14 17 25 48 58,25,3
2/9/2018,28 34 41 46 47,14,3
2/13/2018,05 12 15 46 49,1,4
2/16/2018,14 38 48 53 58,16,3
2/20/2018,17 19 23 24 43,14,3
2/23/2018,07 11 13 19 58,9,4
2/27/2018,10 17 21 38 43,23,3
3/2/2018,24 28 42 60 64,8,4
3/6/2018,01 04 26 35 39,22,5
3/9/2018,07 17 18 46 66,22,4
3/13/2018,06 30 58 60 61,17,5
3/16/2018,01 13 26 33 52,11,3
3/20/2018,14 38 51 64 70,9,3
3/23/2018,04 08 23 53 59,17,3
3/27/2018,07 25 43 56 59,13,3
3/30/2018,11 28 31 46 59,1,3
4/3/2018,04 29 39 42 62,14,2
4/6/2018,16 33 51 54 67,20,4
4/10/2018,05 13 31 43 53,20,2
4/13/2018,08 09 32 42 59,10,4
4/17/2018,12 34 44 47 65,22,4
4/20/2018,01 15 18 32 45,4,2
4/24/2018,03 19 31 32 48,10,3
4/27/2018,02 29 38 63 66,11,2
5/1/2018,02 07 20 55 70,1,4
5/4/2018,04 05 10 12 18,21,4
5/8/2018,08 15 39 64 67,13,2
5/11/2018,14 38 40 53 70,22,3
5/15/2018,21 34 44 49 61,21,2
5/18/2018,09 26 53 64 66,11,2
5/22/2018,16 17 21 36 48,9,3
5/25/2018,11 14 51 64 68,25,4
5/29/2018,02 11 55 58 67,2,3
6/1/2018,05 24 52 62 66,17,3
6/5/2018,22 33 41 48 52,4,2
6/8/2018,14 30 33 44 56,13,2
6/12/2018,01 03 05 08 70,3,2
6/15/2018,01 11 37 47 51,6,2
6/19/2018,11 13 28 65 70,14,3
6/22/2018,02 06 11 27 44,20,2
6/26/2018,17 25 29 39 60,19,2
6/29/2018,02 32 47 49 68,23,4
7/3/2018,13 35 45 49 68,23,2
7/6/2018,02 10 46 50 56,16,3
7/10/2018,01 17 28 56 70,14,3
7/13/2018,21 22 39 59 68,2,2
7/17/2018,40 41 61 66 67,12,5
7/20/2018,01 14 30 44 62,1,2
7/24/2018,01 02 04 19 29,20,3
7/27/2018,01 32 40 49 63,20,3
7/31/2018,12 15 35 64 69,9,2
8/3/2018,09 28 30 54 60,2,2
8/7/2018,02 13 15 21 62,2,5
8/10/2018,01 03 12 22 42,6,5
8/14/2018,11 26 44 45 46,11,2
8/17/2018,01 31 32 47 56,3,2
8/21/2018,14 16 19 38 57,11,3
8/24/2018,01 06 13 18 49,8,2
8/28/2018,03 20 33 34 41,20,3
8/31/2018,07 18 29 32 45,17,3
9/4/2018,02 07 25 35 44,3,3
9/7/2018,08 10 41 54 68,10,2
9/11/2018,15 30 51 62 67,19,2
9/14/2018,23 30 40 43 66,13,4
9/18/2018,31 32 43 63 68,17,2
9/21/2018,01 02 11 52 64,9,4
9/25/2018,08 16 32 48 61,12,2
9/28/2018,39 45 52 56 59,15,3
10/2/2018,02 22 29 31 34,1,3
10/5/2018,27 28 32 41 69,12,2
